Name,Review Text,Date Posted
*********541,skstkalxhldhldyr5is5isiyhxbzgkzfjstjdupfp gkzfjTidyfilv nvjlxti ,17 Des 2023
Ayuk I.,pengiriman cepat kurir ramah...bahanya gak sesuai ekspektasi ku tp gpp lah harga segitu kan ya...makasih ,14 Des 2023
Novia R.,"Alhamdulillah barang sudah sampai dengan aman terimakasih seller Lazada dan Abang kurirnya

 Bahan:lembut dan halus sedikit terawang 
 Ukuran:pas untuk anak ku karena ada karet 
 Rancangan:sesuai keinginan
proses pengiriman cepat.Sekalilagi terimakasih untuk semuanya  ",05 Nov 2023
N***.,"Celana kargo serbaguna untuk berbagai acara., Mudah dipadukan dengan berbagai outfit., Kain nyaman dan bernapas.,  ",3 minggu lalu
Viraa,"Bagus untuk aktivitas di luar ruangan., Desain highwaist sedang trendi., Pas sempurna dengan desain high waist., Kain nyaman dan bernapas.,  ",02 Des 2023
mamah R.,ukuran dan warna sesuai permintaan. tokonya amanah. katinganya bagus pas di badan. cuma jahitannya kendur2. di pakai sekali bolong2 lepas benang. ,2 hari lalu
c***.,"bagussss banget dong rekomen dehh pokoknya buat  kalian""âœŒï¸ğŸ˜Š ",5 hari lalu
Amira S.,"Celana kargo yang stylish dan modis., Bahan yang tahan lama untuk penggunaan jangka panjang., Pas sempurna dengan desain high waist., Bagus untuk aktivitas di luar ruangan., Celana kargo serbaguna untuk berbagai acara., Mudah dipadukan dengan berbagai outfit., Celana kargo serbaguna untuk berbagai acara.,  ",15 Jan 2024
guest,"Pas sempurna dengan desain high waist., Kain nyaman dan bernapas.,  ",05 Des 2023
Khofifah I.,"Beragam pilihan warna yang dapat dipilih., Celana kargo yang trendi dan fungsional., Bahan yang tahan lama untuk penggunaan jangka panjang., Mudah dipadukan dengan berbagai outfit.,  ",1 hari lalu
Elga P.,"Bahan:bagus
 Ukuran:pas
 Rancangan:sangat bagus  ",5 hari lalu
Third-Party-User,bahannya bagus trm ksh,07 Des 2023
Sukmawati,"bagusss ikh suka,smga jadi langganan aku yah ",22 Des 2023
A***.,"Bagus untuk aktivitas di luar ruangan., Bahan yang tahan lama untuk penggunaan jangka panjang.,  ",02 Des 2023
guest,"Mudah dipadukan dengan berbagai outfit., Celana kargo yang trendi dan fungsional.,  ",05 Des 2023
vika A.,"barang sudah sampai.. 
paket sesuai pesanan.. 
bhan nya adem. lembut dan jatuh.
kurir nya baik.. 
thanks seller.",01 Des 2023
8***4,"celananya udah sampe agak kepanjangan di aku,bagian paha agak ngetat tapi bawahnya longgar ",02 Jan 2024
d***.,"Mudah dipadukan dengan berbagai outfit., Celana kargo yang stylish dan modis.,  ",1 minggu lalu
Lidia,bagus sesuailah Sama harganya sukses trs buat tokonya amanah juga ,1 minggu lalu
0***6,Ukuran:bagus sesuai n muat d BB 60kg bahannya jga adem n lentur bagus bngt ,07 Des 2023
Dhirfin,"celananya bagus dri yg sblum nya,ini ada kancing+sleting,mantappp thanks ka next ambil wrna lain lgi ",2 minggu lalu
Reni A.,alhamdulillah sesuai pesanan sukses terus buat tokonya trimaksih ,09 Des 2023
8***7,"Bahan:tebell nggk nerawang 
 Ukuran:agak kegedean
 ",09 Nov 2023
8***7,"bgus banget huhu, penjualnya ramah banget malemnya saya minta di percepat pengirimannya besoknya langsung di kirim huhuu happy bngttt ğŸ˜­ğŸ™ğŸ» makasih banyak, BUAT CALON PEMBELI KALIAN HARUS BELI DI SINI HARGANYA WORTH IT BANGET dan juga bahannya bagusss! bangwtttt!!  ",15 Des 2023
NADIA N.,"bagus si,tpi di pahanya agak sempit mnrtku,tpi worth it bgtt si dengan hrga sgtu,,mksih pokoknya bgus bangetttttt ",03 Nov 2023
P***.,bagusbagusbagusbagusbagusbagusbagusbagusbagusbagusbagusbagus ,3 minggu lalu
ninik Y.,barang sdh sampai cuma syang wrnanya kok sama padahal sy sdh chat tokonya ambil 2 barang tpi mnta wrna yg berbeda ,21 Okt 2023
Roswitha Y.,"kerennnn
 Bahan:ok
 Ukuran:pas
 Rancangan:ok  ",3 hari lalu
8***4,"Lumayan Pass , Ngak sama broo, sayang saku bawah rempelnya ngak ada saku cuma atas kanan dan kiri, pesen 2 warna tetep dikasih 1 warna pdhl udah cat Admin ğŸ˜‡ğŸ˜‡ ",13 Okt 2023
f***.,"Bahan yang tahan lama untuk penggunaan jangka panjang., Celana kargo serbaguna untuk berbagai acara.,  ",07 Des 2023
Resitaananda,"Celana kargo yang trendi dan fungsional., Kain nyaman dan bernapas., Bagus untuk aktivitas di luar ruangan., Celana kargo yang stylish dan modis.,  ",30 Nov 2023
Wulan S.,bagus bngttt sesuai yg difoto ,27 Des 2023
Siti M.,"Bahan:bahan tebal
 Ukuran:pas
 Rancangan:bagus pengiriman cepat ",24 Nov 2023
0***4,sesau degan harga kainya bagus rapi semapaurana mantaps lah kukuriya ngk asikkğŸ¤£ğŸ™ ,17 Des 2023
0***8,"Bahan:bagus,jahitan rapi
 Ukuran:pas
 Rancangan:
pengiriman cepat next order lagi,makasih ",1 hari lalu
guest,bagus banget  ,22 Des 2023
melia N.,"Mudah dipadukan dengan berbagai outfit., Celana kargo yang trendi dan fungsional.,  ",11 Jan 2024
S***.,"Desain highwaist sedang trendi., Kain nyaman dan bernapas.,  ",13 Jan 2024
AISYAH P.,"bagus bangett,bahannya juga bagus Pokoknya the besar bangettğŸ¥°ğŸ˜,ga nyesel beliii disinii ",06 Des 2023
Rifaa,terimakasih ,14 Des 2023
Yati,pengirimannya cepat sesuai pesanan saya bagus..tapi pesaknya terlalu tinggi gak nyaman di pakenya sama resletingnya gak cocok ,05 Des 2023
L***.,"Bahan:bagus 
 Ukuran:pas 
 Rancangan:sangat bagus dan sangat nyaman digunakan terimakasih  ",16 Des 2023
*********349,wah bagus pisan ,9 jam lalu
V***.,"Mudah dipadukan dengan berbagai outfit., Kain nyaman dan bernapas., Bagus untuk aktivitas di luar ruangan., Pas sempurna dengan desain high waist., Celana kargo yang trendi dan fungsional., Desain highwaist sedang trendi.,  ",28 Des 2023
Komaria N.,"realpict...
Hanya saja aku pesan 3, dan yg warna hitam harusnya ukuran jumbo...tp dikirim satu ukuran standar  ",08 Des 2023
ELWI,"paket sudah diterima,kondisi bagus,cuman bahan agak tipis menerawang,harus pakai dobelan,kualitas sesuai harga,anak senang memakainya karena model baru,terima kasihMudah dipadukan dengan berbagai outfit., Beragam pilihan warna yang dapat dipilih.,  ",16 Des 2023
C***.,"Celana kargo yang trendi dan fungsional.,  ",06 Des 2023
8***9,"pengiriman cepat
pengemasan bagus
barang realpic
next order lagi ",3 minggu lalu
jihan,"Bahan:crinkle 
 Ukuran:pas
 Rancangan:bagus dehh
suka sama bahannya adem sukaa pokoknyaaa ",29 Sep 2023
*********792,baguss  ,2 minggu lalu
n***a,"ini celananya bagus sih, tapi tipis bangettt, jadi harus pake celana double biar ga terlalu nyeplak. terus juga di aku ketat, apa memang kaya gini ya modelnya?, kurang tau sii. bisa juga karna pahaku kebesaranğŸ˜ ",31 Des 2023
Eva A.,"bagus lumayan dengan harga segitu,bahan nya jatoh dan lumayan tebal ",10 Nov 2023
DhÃ«el J.,ah mantap sekaliiiiiii yaaa  ,3 minggu lalu
dinda A.,"Bahan:bgus adem
 Ukuran:28
 Rancangan:bangus buat kemana bisa buat main
 ",3 minggu lalu
guest,bagus banget rel pick  ,4 minggu lalu
S***.,"Bahan:bagus
 Ukuran:besar
 Rancangan:bagus
bahan adem sedikit nerawang, tapi baguss ",3 minggu lalu
8***1,sesuai pesanan ğŸ‘ğŸ‘ğŸ‘ ,18 Okt 2023
Muti A.,"Bahan:crincle
 Ukuran:29
 Rancangan:keren poll
 ",16 Nov 2023
A***.,"nnnnnnnnnnnnneeeeeeeerrrrrrrrraaaaaaawwwwwaaanngggggg
 Bahan:nrwng ",15 Des 2023
Nhur S.,"Bahan:bagus
 Ukuran:XL
sudah saya terima paketnya
kenapa paketnya tidak sesuai gambar
 ",12 Okt 2023
mamah R.,bagus banget celananya.ukuran pas. panjangnya pas. pengiriman cepat 2hari sampe. ukuran jumbo pas bgt BB aku 64 TB 157.  ,3 minggu lalu
Malaa,buat kalian yang masih bingung jangan ragu order disini aku bb 70 masi muat dan longgar ga nyesel next order lgi ,15 Des 2023
8***7,bagus sii mnrtku lumayan ,15 Des 2023
f***.,"Bahan:adem
 Ukuran:pas
 Rancangan:bagus
alhamdullilah barangnya udh nyampai makasih
 ",28 Sep 2023
guest,bagus bangett Nexs order lagi walaupun bahany ga tebel tapi bagus ,22 Sep 2023
Febry O.,barang lah sampai dengan selamat dan kurir nya ramah.barang sperti di foto dan pas ukuran ,2 minggu lalu
8***5,"nyesel bangttt bli bnyk g sesuai modell mana lgi pesanan orng al hasil pada g mau , besok lagi yng teliti kak ",13 Okt 2023
Santhy,"Bahan:halus, jatuh, gak gampang kusut
 Ukuran:agak kepanjangan sedikit, tp gpp
 Rancangan:bagus, sesuai gambar, cuma bahannya agak tipis aja, ya mungkin sesuai sama harga ",16 Des 2023
Nurmayangsari S.,jdiduhshshsbdhhdhdnjfjjcncncnnxjdjdjndndndnnxnxnjxjsnx ,07 Des 2023
Syifa F.,"Bahan:nyaman
 Ukuran:pas

Bagus sih bahannya nyaman, ya meskipun gak sama di gambar tapi bagus, aku suka banget.ğŸ˜ğŸ˜˜ğŸ˜˜ ",3 minggu lalu
D***.,pengriman nya cpat bangt dan clananya pas buat adik sya ..nanti sya order.lgi mkasih ğŸ™ ,07 Okt 2023
Nurul F.,"Bahan:crinkle
 Ukuran:gede bgt ah
 Rancangan:baguussssss



baguuus sihhhh cakep bangeeettttttt ",05 Okt 2023
*********236,trima kasi Lazada barangnya bagus sekali ,10 Okt 2023
f***.,"Bahan:bgs 
 Ukuran:pas

 Rancangan:sesuai  ",01 Okt 2023
Third-Party-User,"Bahan:bagus mantap sesuai

 Ukuran:pas juga
 Rancangan:bahannyq bagus banget
 ",23 Sep 2023
Warno 0.,makasih seler dan juga kurir.y barang tiba dgn selamat selalu pik ,13 Jan 2024
guest,sangat bagus  ,28 Des 2023
********926,"model sama tapi bhan.y ko beda.
ini kaya kolor bhan.y. ",2 minggu lalu
N***i,"jumbo,,mksihh,, ",3 minggu lalu
Anis I.,"Bahan yang tahan lama untuk penggunaan jangka panjang., Celana kargo yang stylish dan modis.,  ",1 hari lalu
Sonia,"keren celana nya.
sesuai gmbar.
saku ny ad 5. 
sesuai yg diinginkan.
mksh seller.ğŸ¤— ",25 Okt 2023
8***1,bgus. bgwt,06 Nov 2023
Aripin 0.,sesuai dengan pesenan ok bgtt bagus ,28 Nov 2023
0***6,bagus bgt ,08 Jan 2024
Nurhayati,"Mudah dipadukan dengan berbagai outfit., Celana kargo yang stylish dan modis., Mudah dipadukan dengan berbagai outfit., Desain highwaist sedang trendi.,  ",15 Des 2023
Aulia N.,bagussss bgtt sayang yg hitamnya dikirim beda ğŸ˜­ ,27 Okt 2023
F***i,"Bahan:bagus
 Ukuran:kegedean di badan
 Rancangan:menarik  ",26 Okt 2023
********556,kk celana nya bagus bgt muat di bb aku 85 smoga awet ea celana nya bahan bagus bgt adem di pake lembut poko nya nanti mau order lagi ,04 Des 2023
adeliaputri,"Buagusssss polllll,syukaaaaaağŸ™ğŸ»ğŸ˜­ ",06 Des 2023
Eli W.,"Celana kargo yang stylish dan modis., Desain highwaist sedang trendi., Pas sempurna dengan desain high waist.,  ",13 Jan 2024
Dhirfin,bagus celananya nyaman dipake bahan crinckle jatuh ,25 Des 2023
Dhika D.,Rancangan:bagus ,1 minggu lalu
bunda J.,"celana ga sesuai gambar,ga jls kecil bgt",22 Nov 2023
8***0,"paket udah datang barangnya bagus dan jatoh lagi
pokonya sip ",1 minggu lalu
Rupiyanti,"Mudah dipadukan dengan berbagai outfit.,  ",1 hari lalu
0***1,"Mudah dipadukan dengan berbagai outfit., Pas sempurna dengan desain high waist., Desain highwaist sedang trendi.,  ",3 hari lalu
*********207,"Kain nyaman dan bernapas.,  ",01 Jan 2024
*********465,ok  dengan harga segitu ,21 Des 2023
Dhika D.,Rancangan:bagus ,1 minggu lalu
8***8,"Pas sempurna dengan desain high waist.,  ",30 Nov 2023
Lina,Bahan:  good  ,30 Des 2023
NISA S.,"Bagus untuk aktivitas di luar ruangan.,  ",2 minggu lalu
N***i,"ukuran jumbo,,,sesuai mksih,, ",3 minggu lalu
AHMAD Z.,Alhamdulillah...nyampek juga bhnnya crinkle tpi lumayan bagus ,11 Jan 2024
*********649,baguss barang sesuai respons penjual cepatt dan barangnya orii juga terimakasih ğŸŒ·ğŸŒ· ,21 Des 2023
0***1,Bagus bngt ,28 Des 2023
Adah E.,UK standar masih longgar di aku yang BB nya 60 ,2 minggu lalu
Third-Party-User,keren clanay bgus amah walaupun hitamy bukan hitam pekat TPI sya ska ,15 Des 2023
niaaaa,terlalu cintahh dengan ini produkkğŸ¥° ,10 Nov 2023
Siti M.,celana ny kegedean tapi gapapa bagus banget celananya aku sukağŸ˜» ,08 Des 2023
Th A.,clna nya kecil ,21 Des 2023
Eceu N.,"pket ny udah sampai,celana ny bagus dengan harga segitu,mksh lazada,mksh buat kurir ny ",13 Jan 2024
Siti A.,"Desain highwaist sedang trendi., Celana kargo yang stylish dan modis.,  ",1 minggu lalu
guest,celananya bagus panjangx sesuai dan kain tebal clanax agak gombrang d aku tapi suka cantik sekali next order lagi ,19 Des 2023
8***9,"Celana kargo serbaguna untuk berbagai acara.,  ",3 minggu lalu
*********332,bagus banget gak nyesel belanja di tokoh ini Nex order lagi,11 Des 2023
Ryan K.,"Bahan:ADEM BAGUS
 Ukuran:PAS BGET
 Rancangan:
BAGUS BANGET DEH POKOKNYA.. MAAF YAH GAK SEMPAT FOTO ",30 Des 2023
Mamahdzakirah,Alhamdulillah paket udh mendarat tp kegedean tp anak saya suka trimakasih lazadah ,29 Des 2023
8***9,"Bagus untuk aktivitas di luar ruangan.,  ",3 minggu lalu
s***.,"BAGUSSSS BANGETTTT
 Bahan:  lembut ",17 Des 2023
siti S.,clna bagus tpi buat BB 60 kekecilan  ,16 Des 2023
Dedeh W.,"Celana kargo yang stylish dan modis., Pas sempurna dengan desain high waist., Kain nyaman dan bernapas., Celana kargo serbaguna untuk berbagai acara., ",26 Des 2023
sitinuryeni,bgus poll... ,07 Des 2023
0***2,"buaguseeee polll mantappp,mau beli lagih semoga ga naik harganyaaağŸ¥² ",20 Des 2023
Sinta B.,"Celana kargo yang trendi dan fungsional.,  ",6 hari lalu
*********969,"Celana kargo yang trendi dan fungsional., Bagus untuk aktivitas di luar ruangan.,  ",11 Des 2023
Azmys,aku suka bget.kainnya lembut warnanya cantik2. ,30 Des 2023
Ibu E.,"sesuai gambar 
tpi lum dicoba muat apa ga
mksih 

kurir baru ",25 Okt 2023
0***1,bahan oke lembut pas anak saya ,26 Des 2023
8***7,"Pas sempurna dengan desain high waist., Celana kargo yang trendi dan fungsional.,  ",4 minggu lalu
Denaya F.,celananya bagus meskipun kegedean  ,23 Nov 2023
*********649,baguss barang sesuai respons penjual cepatt dan barangnya orii juga terimakasih ğŸŒ·ğŸŒ· ,21 Des 2023
*********649,baguss barang sesuai respons penjual cepatt dan barangnya orii juga terimakasih ğŸŒ·ğŸŒ· ,21 Des 2023
Suha S.,sesuai pesanan bagusss  ,28 Des 2023
ASEP S.,"realpic cuman kegedean Bagus untuk aktivitas di luar ruangan.,  ",15 Des 2023
Siti N.,"Celana kargo yang stylish dan modis., Beragam pilihan warna yang dapat dipilih., Mudah dipadukan dengan berbagai outfit.,  ",3 hari lalu
0***0,bgus celana sya suka,2 minggu lalu
Third-Party-User,"celanay bagus banget sesuai bahan lembut amah tokohy lancar trus langganan kta
 ",15 Des 2023
8***0,baguss bhn adem ,06 Des 2023
ina P.,barang ok ....semoga awetğŸ‘ ,2 minggu lalu
Roswitha Y.,"Bahan:mntap karet
 Ukuran:pas
 Rancangan:pas ok ",3 hari lalu
Warno 0.,klo yg army pas ukuran mau pun desain.y mksih ,08 Jan 2024
SANTIAH D.,pas ok thank  ,1 hari lalu
8***0,"Rancangan:tipis
 Ukuran:gede bngt
 Bahan:tipis
bagus tapi tipis kegedean jga busettt ",01 Jan 2024
Tiara P.,bahan nya halus dingin sedikit kekecilan buat aku padahal bb 55 tpi kekecilan tpi baguss ,25 Des 2023
Neng R.,bagus bngt yebellll ,20 Des 2023
anita P.,bagus sesuai pesanan  ,21 Okt 2023
*********223,bagus banget suka dehh jdi langganan disini pokok nya the best ,18 Des 2023
anita P.,Bagus sesuai pesanan  ,21 Okt 2023
Saya N.,celananya bagus pelangganku sukağŸ¥° ,24 Okt 2023
Mamah N.,"Celana kargo serbaguna untuk berbagai acara., Mudah dipadukan dengan berbagai outfit.,  ",21 Des 2023
c***.,"bagus banget celanaya
 Bahan:nya lembut
 Ukuran:pas
 Rancangan:nenx bakalan order warna lainğŸ‘ğŸ‘ ",25 Okt 2023
Siti R.,"Beragam pilihan warna yang dapat dipilih., Mudah dipadukan dengan berbagai outfit., Celana kargo yang stylish dan modis., Celana kargo yang trendi dan fungsional., Celana kargo serbaguna untuk berbagai acara.,  ",2 minggu lalu
Sandy A.,"Bagus untuk aktivitas di luar ruangan., Kain nyaman dan bernapas.,  ",2 hari lalu
Cut N.,sumpah bagus banget ,2 minggu lalu
desi,"calana cargo nya sangat bangua
 Bahan:lenbut enak di pakei 
 Ukuran:jumbo  
  cocok banget ",2 minggu lalu
meisarisuherlan,"Bahan:lembut
 Ukuran:standar
 ",13 Jan 2024
Ochi,"sipp ,,cuman kebesara di aku ,, oerder lagi ahh ",09 Jan 2024
Lia S.,"Celana kargo yang trendi dan fungsional., Mudah dipadukan dengan berbagai outfit., Beragam pilihan warna yang dapat dipilih., Celana kargo yang stylish dan modis.,  ",08 Des 2023
Warno 0.,bagus bngt ,13 Jan 2024
cndyfnksri,realpictttt ,25 Des 2023
Azmys,bgus bget. ,30 Des 2023
Ila P.,TIDAK sesuai ,14 Des 2023
Dedeh W.,"Celana kargo yang trendi dan fungsional., Celana kargo yang stylish dan modis., Kain nyaman dan bernapas., Celana kargo serbaguna untuk berbagai acara.,  ",25 Des 2023
0***1,"Bagus untuk aktivitas di luar ruangan., Desain highwaist sedang trendi.,  ",3 hari lalu
Rayen A.,lumayan lah ,01 Des 2023
*********824,"Kain nyaman dan bernapas.,  ",11 Jan 2024
Zia S.,"baguss tpi sayang ga tercantum ukurannya jdi kegedean and ga kepake syg bngtt, kalo dibilang agak kecewa sih tpi gpp bagus bingit ko clana nya  ",1 minggu lalu
Lista F.,lmyan bagus sesuai dngn harga anak aq suka.. mau di pake buat jlnÂ² ,28 Des 2023
anita P.,"Bahan yang tahan lama untuk penggunaan jangka panjang., Beragam pilihan warna yang dapat dipilih., Desain highwaist sedang trendi., Kain nyaman dan bernapas.,  ",09 Des 2023
8***0,"Bagus, bahanya juga adem banget nyaman di pakai. ukurannya pas  ",23 Des 2023
Erna R.,makasih y kk,09 Nov 2023
Nurr,Bahan:bagusss ,2 minggu lalu
Risma P.,"Desain highwaist sedang trendi., Mudah dipadukan dengan berbagai outfit., Celana kargo yang stylish dan modis.,  ",30 Des 2023
Armi A.,"bagus dan sesuai dengan foto
 Bahan:bagus
 Ukuran:sesuai badan kita
 ",30 Okt 2023
desi,"celana cargo nya sangat bangus 
 Bahan:lembut banget 
 Ukuran:jumbo 
           sayah sangat suka  ",2 minggu lalu
8***9,"celananya pas,saya syuka sekali,cuma pengirimannya lama.. ",01 Jan 2024
Y***.,"baguus,bagan lembut,tidak terlalu tebal, tidak terawang, kualitas baik, dan untuk aku bb 58 tinggi 163, ada karet nya juga jadi nyaman ",18 Des 2023
Cecep S.,"Bahan:lembut
 Ukuran:trlalu ngetat di badan akuğŸ˜…
 ",24 Nov 2023
K***m,Alhamdulillah dgn harga segitu bagus bangt mnurt aku real pick pokonya ttp jga ke amanahannya...makasih semuanya ,20 Des 2023
Afyulida R.,"Celana kargo serbaguna untuk berbagai acara., Bagus untuk aktivitas di luar ruangan.,  ",02 Des 2023
Ami L.,kekecilan  ,21 Okt 2023
8***0,"Bahan:bagus bangat aku suka
 Ukuran:pas di badan aku pokoknya bagus
 ",04 Des 2023
A***.,bagus bgt cmn ukuran XL kebesaran di perut aku yg kecil ğŸ˜‚ ,2 minggu lalu
*********172,aku suka bngat sama celananya......bahannya lmbut dan nyam digunakanğŸ™ ,08 Nov 2023
Third-Party-User,tdk sesui sngt buruk ,30 Nov 2023
M A.,"gak sesuai celananya
 ",04 Des 2023
0***1,"Bagus untuk aktivitas di luar ruangan.,  ",14 Des 2023
Irna T.,sesuai semoga cocokğŸ˜â˜º ,11 Des 2023
*********601,"alhamdulilah bagus banget, Bahn adem, enk dipake, mksih semuanya, ğŸ¥°ğŸ¥° ",21 Des 2023
Santi,"Bagus untuk aktivitas di luar ruangan., sesuai bngtt celana nya,makasihhhâ˜ºï¸ ",08 Jan 2024
R***.,bagus banget kainnya melar ,16 Jan 2024
Mira R.,"Bagus, lembuuut, harga muraaaah kualitas baguuuuuuuusğŸ‘ğŸ»ğŸ‘ğŸ»ğŸ‘ğŸ»ğŸ‘ğŸ»ğŸ‘ğŸ» ",06 Jan 2024
Ani M.,Alhamdulillah bagus dan gk mengecewakan semoga tokoh ini selalu amanah aaamiiiin ,01 Jan 2024
Al-habsyi,bagus sekali sesuai dengan harga. bahan sesuai dengan harga  ,18 Des 2023
Fitri S.,baguss tapi sayang nya kepanjangan di sayağŸ˜“ğŸ˜“ ,27 Des 2023
*********654,bagus celananya cuma dipaha aga kekecilan dikit apa paha aku yg terlalu gemoyğŸ˜ ,28 Nov 2023
*********649,baguss barang sesuai respons penjual cepatt dan barangnya orii juga terimakasih ğŸŒ·ğŸŒ· ,21 Des 2023
8***9,"Kain nyaman dan bernapas., Mudah dipadukan dengan berbagai outfit., Celana kargo yang trendi dan fungsional., Desain highwaist sedang trendi.,  ",04 Des 2023
8***5,"Kain nyaman dan bernapas.,  ",3 hari lalu
r***.,"yg satu ngga sesuai pesanan ğŸ¤­
pesen 2 size yg berbeda tapi pas datang sama aja size-nya ğŸ™ƒ ",01 Des 2023
Reni,sangat kecewa  bahan gak sesuai trus sobek sobek,23 Des 2023
dewi Z.,"Bahan:bahan tebel dan jatuh
 Ukuran:sesuai 
 Rancangan:lumayan  ",23 Nov 2023
guest,"Alhamdulillah barang Nya sudah sampai,,,,Bagus terimakasih lazada ",02 Des 2023
nunung D.,"Beragam pilihan warna yang dapat dipilih., Mudah dipadukan dengan berbagai outfit.,  ",3 minggu lalu
Sonia,"sesuai gmbar. 
cma yg army GK pke resleting SM kangcing. 
beda SM yg hitam pake resleting.
tpi ttp sesuai gmbar.
kerenlh pokok nya.ğŸ‘ ",25 Okt 2023
guest,celanax keren pokokx suka dehhh asli bgus kainx nyaman d pke  ,19 Des 2023
*********155,gak sesuai dengan gambar sangat tipis ,12 Jan 2024
Uci,"Celana kargo serbaguna untuk berbagai acara.,  ",04 Jan 2024
Sintia J.,sukak sama celananya anjayyy bagusss bangett kyuttt imut lucu kata aku haha ,15 Des 2023
d***.,baguss rekomen gais ,13 Jan 2024
g***t,"Desain highwaist sedang trendi., Desain highwaist sedang trendi., Celana kargo yang stylish dan modis.,  ",27 Des 2023
0***8,bahannya jatuh bgttttt sukakkkkkkk,08 Des 2023
*********030,makasih lazada celananya bagus g kecewa beli di toko ini toko nya sudah amanah bisa buat langanan ,4 minggu lalu
8***7,"Bahan:bahan nya tipis tapi ngga nerawang karena warna gelap 
 Ukuran:kebesaran banget harus tambah Keret pinggang nya
 Rancangan:bagus  ",27 Des 2023
SITI W.,"Mudah dipadukan dengan berbagai outfit., Bagus untuk aktivitas di luar ruangan.,  ",2 minggu lalu
*********068,"Bahan:lumayan bagus
 Ukuran:sesuai/pas
 Rancangan:bagus ",18 Des 2023
Andra V.,asli longgar bangetğŸ˜ğŸ˜ğŸ˜ğŸ˜ğŸ˜ ,1 minggu lalu
Andra V.,bagus bangetğŸ˜€ğŸ˜€ğŸ˜€ğŸ˜€ğŸ˜€ğŸ˜€ ,1 minggu lalu
Nur H.,"Celana kargo yang stylish dan modis., Celana kargo yang stylish dan modis., ",2 minggu lalu
8***.,jahitanya rapih cuman bahannya tipis ,3 minggu lalu
Sumiyati S.,mantulll ,2 minggu lalu
*********061,bagus... ,30 Des 2023
Deliyanti,okeeeeee ,21 Okt 2023
Uminya A.,wow keren,02 Des 2023
niaaaa,realğŸ‘ğŸ¥° ,10 Nov 2023
I***.,,2 minggu lalu
Third-Party-User,"bagus bangett woyyy wajib beli sih ini, dengan harga yang  semurah itu menurutku kaya bahan cringcle enakk bangett dipake mau nangis bagus soalnya  ",04 Okt 2023
t***i,cakep banget pas di bb aku 61 nyesel beli 1ğŸ˜¢ ,07 Jan 2024
Rabbani M.,lumayan ,08 Des 2023
Azmys,kereng. ,30 Des 2023
S***.,"bagus,, ",07 Des 2023
Rimbayani,lumayan ,31 Okt 2023
Warno 0.,pik bnt ,13 Jan 2024
Jihan F.,"Pas sempurna dengan desain high waist., Celana kargo yang trendi dan fungsional., Bagus untuk aktivitas di luar ruangan., Celana kargo yang stylish dan modis., Celana kargo serbaguna untuk berbagai acara.,  ",24 Des 2023
Fitri H.,"mantulll, nexs order lg ",17 Des 2023
rahmachaniago,"sesuai pesanan, celana cargo bagus, bahannya adem, jahitan rapi, kurir nya baik dan ramah makasihh lazada  ",17 Des 2023
Rani A.,"jelek g sesuai dgn gambar mna sobek lgi Deket saku nya, jahitan nya juga g rapih Poko nya ğŸ‘ ",17 Des 2023
Livia,"Bahan yang tahan lama untuk penggunaan jangka panjang., Celana kargo yang stylish dan modis., Bagus untuk aktivitas di luar ruangan., Kain nyaman dan bernapas.,  ",17 Des 2023
neneng S.,sesuai harga...... ,17 Des 2023
Arief S.,"Pas sempurna dengan desain high waist., Bagus untuk aktivitas di luar ruangan., Beragam pilihan warna yang dapat dipilih., Celana kargo yang stylish dan modis.,  ",17 Des 2023
Arief S.,"Kain nyaman dan bernapas., Pas sempurna dengan desain high waist., Bahan yang tahan lama untuk penggunaan jangka panjang.,  ",17 Des 2023
suci A.,"Pas sempurna dengan desain high waist., Desain highwaist sedang trendi., Celana kargo yang trendi dan fungsional., Celana kargo yang stylish dan modis.,  ",13 Des 2023
Ayyuk A.,"Pas sempurna dengan desain high waist., Bagus untuk aktivitas di luar ruangan., Bagus untuk aktivitas di luar ruangan., Bahan yang tahan lama untuk penggunaan jangka panjang., Mudah dipadukan dengan berbagai outfit.,  ",3 minggu lalu
Third-Party-User,tidak sesuai ekspektasi ,17 Okt 2023
sant I.,pas..sesuai gambar dan pesanan..trimkasih seller..lazada dan kurir..sukses buat semua.. ,18 Nov 2023
Alifah,"Bahan:bagus
 Ukuran:sesuai
 Rancangan:rapih
 ",17 Okt 2023
Sae E.,kegedean bangettttttttttttttttt ,14 Nov 2023
Nia R.,"Celana kargo yang trendi dan fungsional.,  ",12 Des 2023
L***.,cantik banget ,20 Okt 2023
0***9,"Rancangan:
tidak sesuai pesanan ",19 Okt 2023
nanik S.,celana ukuran remaja jd kl dewasa kurang gedhe  ,4 minggu lalu
nineng N.,"Bahan:jelek
 Ukuran:kkecillan
 Rancangan:jelek semua ",13 Des 2023
8***6,"Bahan yang tahan lama untuk penggunaan jangka panjang.,  ",21 Nov 2023
0***1,bagus mantafğŸ‘ğŸ‘ ,17 Okt 2023
0***4,"bagus 
 Ukuran:pas ",20 Okt 2023
w***.,bagus sesuai harga..anak ku suka terimaksh salam sukses selalu ,13 Nov 2023
Rosita,"Kain nyaman dan bernapas., Celana kargo yang stylish dan modis., Mudah dipadukan dengan berbagai outfit.,  ",13 Des 2023
8***9,"Mudah dipadukan dengan berbagai outfit.,  ",3 minggu lalu
Armi A.,aku dengan model celananya .kainnya halu dan ringan.cocok di pakai untuk santai ,19 Nov 2023
Ahmad A.,bahanny gajelasss ga sesuaii espektasi sy. ,13 Des 2023
Ariqah O.,"bahan y bagus kok cuman pas dtng plastik nya udh sobek
 ",18 Okt 2023
Maryati,"Kain nyaman dan bernapas., Mudah dipadukan dengan berbagai outfit., Pas sempurna dengan desain high waist., Desain highwaist sedang trendi., Bagus untuk aktivitas di luar ruangan., Celana kargo yang stylish dan modis.,  ",13 Des 2023
Aprilia K.,"Bahan:tipis, nerawang  ",20 Okt 2023
8***3,bagus nyaman di pakai  ,14 Nov 2023
Shella H.,Bagus mantep ,18 Nov 2023
0***5,cukup memuaskan dgn harga segitu. ,4 minggu lalu
Farahdhilah T.,"Bahan: bgsss
 Ukuran: sesuaiiii
 Rancangan: rapihhh   
 ",13 Des 2023
Tya A.,the best poknmah cck bgtt HhhağŸ˜ğŸ‘ğŸ‘ ,4 minggu lalu
noorarofikha,bagusss bgt murah tidak murahan tp di aku agak sempit dikitğŸ˜ tapi masih bagus kok jgn ragu beli di toko ini ,13 Nov 2023
*********742,"kerenn banget udah order yang ke 2 kalinyaaa, thanks y,next orderr lagii  ",15 Des 2023
kika,bagusssss ,16 Okt 2023
Ayu A.,"pengiriman cepat, barang sesuiğŸ¤—ğŸ˜ ",13 Des 2023
*********732,bagus banget. terimakasih yağŸ¥°ğŸ™ ,17 Nov 2023
Agnes U.,"Bahan:bagus  
 Ukuran:pas
 Rancangan:pikirnya ad resleting nya kak eh mala ngak ad tapi ngka apa"" bagus
 ",17 Okt 2023
mumun A.,celana nya ok ,10 Des 2023
Siti N.,cuteğŸ˜— ,2 minggu lalu
herna W.,gede bngt di aku ğŸ™ˆ ,03 Des 2023
Karniti D.,top Marko top bag us sekalih makanya says pesen magi Kurir jugabaik Dan so pan selalu but langanan sayaterima kasih buattokonya dankurirnya ,26 Nov 2023
Elan88964,"Kain nyaman dan bernapas., Bahan yang tahan lama untuk penggunaan jangka panjang., Mudah dipadukan dengan berbagai outfit.,  ",26 Nov 2023
8***3,sesuai jarga ,12 Nov 2023
Citra M.,bagus ,06 Jan 2024
Umi S.,keren ,26 Des 2023
ameliawp23,baik  ,29 Des 2023
sarim,ok lh ,04 Des 2023
citra J.,"Bahan:bagus
 Ukuran:kegedean
 Rancangan:bagus si walau pinggang nya kegedean ",03 Okt 2023
*********629,"bahan nya bagus
 ",29 Okt 2023
jocko212,lumayan ,16 Nov 2023
YURARA S.,"Bahan:crincle
 Ukuran:standar
biar bintang yang rekomendasikan ğŸ˜ğŸ˜ ",15 Okt 2023
Mas T.,Dikiri bukan kolor ternyata kolor bagis sih cuman baru sekali pake langsung bolongğŸ˜’ ,15 Okt 2023
*********384,bagus,15 Jan 2024
Deliyanti,okee ,21 Okt 2023
Imas N.,lmyn ,21 Okt 2023
guest,baik ,02 Jan 2024
sherinaauliyanie,bgus ,16 Des 2023
Yunani,"terakota bhan nya bgus dan tebal walaupun ukuran nya kebesaran di aku,  dan krna bgus aku juga bli yg hitam, klu yg hitam bhn nya tipis dan nerawang tapi bgus pas ukuran nya di aku, klu pake yg hitam aku jdi pake lejing daleman nya, dan kurirnya baik juga ramah, trima ksih buat tokoh nya dan mas kurir nya, krna pengiriman nya cpt bnget jdi aku ngerasa puas pokonya mantulğŸ‘ğŸ‘ğŸ‘ğŸ‘ ",08 Okt 2023
Jijah,"bagus
 ",03 Des 2023
8***7,Ukuran:kebesaran ,01 Okt 2023
Warno 0.,warna dan bhn sesuai  cmn ukuran.y gk sesuai aku psn standar yg dtg jumbo ,08 Jan 2024
8***7,"Bahan:bagus 
 Ukuran:pas
 Rancangan:pakai 
 ",06 Jan 2024
*********108,"Rancangan:
sesuai harga ",02 Jan 2024
Sitijuliah S.,"Alhamdulillah bagus banget sama dengan yang di poto...
jangngan ragu beli di toko ini bagus banget cuss di cek out
makasih ke lazada sama Kuriri nya juga ramah banget kalo sama yang langganan mah kalo bukan nya enggak  ",10 Okt 2023
Dewi A.,"Beragam pilihan warna yang dapat dipilih., Celana kargo yang stylish dan modis., Celana kargo serbaguna untuk berbagai acara., Mudah dipadukan dengan berbagai outfit., Bagus untuk aktivitas di luar ruangan., trimakaseh Lazada.. ",18 Jan 2024
Reva A.,ga sesuai ekspektasi saya  ,21 Des 2023
b***r,"pesen xxl datengnya s. 
 ",02 Des 2023
Warno 0.,warna y sesuai cmn ukuran.y gk sesuai aku psn standar dtg  jumbo ,08 Jan 2024
S***.,"celananya bagus, sesuai dengan harga, toko amanah, terimakasih, semoga makin larisBeragam pilihan warna yang dapat dipilih.,  ",2 minggu lalu
Puput I.,emmmm lumayannn okeeeeeeee lahhhhğŸ˜‰ğŸ˜‰ğŸ˜‰ğŸ˜‰ğŸ˜‰ğŸ˜‰ğŸ˜‰ ,2 minggu lalu
SINDI S.,"Bahan:
Alhamdulillah barang nya sesuai gambar thank lazada  ",14 Okt 2023
Hanani D.,tipis ga sesuai  ,11 Okt 2023
A***a,"Bahan:tidak sesuai
 Ukuran:tidak sesuai
 Rancangan:tidak sesuai

sangat
sangat
sangat mengecewakan ",28 Nov 2023
Wiwin W.,"celana nya bagus sih tapi sayang di aku kegedean, tapi gpp masih bisa di pake orang  ",28 Des 2023
Priska A.,"Celana kargo serbaguna untuk berbagai acara.,  ",17 Jan 2024
Ana R.,"Kain nyaman dan bernapas.,  ",11 Jan 2024
Aples,"celananya ke gdean
 ",02 Jan 2024
8***9,"Mudah dipadukan dengan berbagai outfit., Desain highwaist sedang trendi., Beragam pilihan warna yang dapat dipilih., Pas sempurna dengan desain high waist., Beragam pilihan warna yang dapat dipilih.,  ",09 Des 2023
Linda,celana nya bgus cuma agak tipis ğŸ˜ ,14 Des 2023
A***i,"keren Poko nmh,,,
walaupun seler nya slow respon  ",17 Jan 2024
Dewi A.,"Celana kargo yang stylish dan modis., Mudah dipadukan dengan berbagai outfit., Celana kargo yang trendi dan fungsional., Celana kargo serbaguna untuk berbagai acara., Bagus untuk aktivitas di luar ruangan.,  ",18 Jan 2024
EkaaChalondra,Bahan nya bagus tapi ukurannya ga sesuai ,13 Okt 2023
0***8,ga sesuai di gambar tp ydh lh ga apa apa terimakasih ya selerâ˜º ,08 Jan 2024
E***.,"suka, cuman jahitan kurang rapih ",30 Des 2023
Y***a,"demi apapun ini bagus bgtt sya smpe beli lagi untuk yg kedua kalinya next bkll beli lgi yg wrna lain
 Bahan:mayan gak nrawang
 Ukuran:pass bgtt ccok
 Rancangan:bgss gda yg ccatt ",1 minggu lalu
*********551,Bagus lembut bahanny ,11 Okt 2023
Minihh,Bagus Sesuai harapanğŸ¤— ,1 minggu lalu
guest,cantik ,16 Nov 2023
okih S.,you ,26 Des 2023
Warno 0.,pik ,15 Jan 2024
Warno 0.,pik ,15 Jan 2024
Mila Y.,"goood 
 ",24 Sep 2023
Azmys,ok ,30 Des 2023
ujang A.,ok ,18 Des 2023
novitaharyani69,"gmn ya, bgs iya cuma jahitan ny ga kokoh sobek trs..suda sy jahit atas nya lgi sobek pdhl d cba pke duduk doang, sedikit kecewa. ",10 Des 2023
*********551,Bagus  ,11 Okt 2023
Yonanda S.,"Bahan: sangat tipis

 Ukuran:pas
 Rancangan:sangat bagus ",10 Okt 2023
**********288,"Bahan:tipis tapi Adem dipake 
 Ukuran:standar size 
 Rancangan:gak ngecewakan costumer aku suka sama celana 
 ",10 Okt 2023
Emiliana J.,"ga sesuai, celananya jelek banget ",10 Okt 2023
najwa18cell,ok ,13 Des 2023
V***.,"Bahan:cukup tipis
 Ukuran:pas
 Rancangan:sangat bagus
semuanya bagus, cm bahannya agak tipis jd takut robek pas d pknya. ",08 Okt 2023
Rima,"Bahan:bagis
 Ukuran:pas
 Rancangan:jaitan rapih ",05 Okt 2023
****1,sya kira dpn nya kancingan + ressleting jg sprti di gmbar trnyta ngk tpi gpp lh  ,24 Sep 2023
A***.,good  ,10 Des 2023
Nining Y.,"Bahan:adem
 Ukuran:pas
 Rancangan:ok ",02 Okt 2023
*********172,knpa kulot ya dkirim ka??? ,03 Okt 2023
callystaaaa,,14 Des 2023
Muhammad A.,,07 Des 2023
R***.,"Bahan:gak tebal dan gak tipis
 Ukuran:kegedean soalnya ngga bisa pilih ukuran
 Rancangan:jahitan nya kurang rapih ",20 Nov 2023
najwa18cell,,13 Des 2023
Nani S.,,4 minggu lalu
8***0,pesan warna cream yg di kirim warna lain!!!!!!!!!!!!!!!!! ,23 Des 2023
Diyanah P.,"alhamdulillah sesuai,tadiny udah aku batalin takut gk sesuai tapi di tolak,, ",10 Nov 2023
YAQUB M.,"Bahan:tipis
 Ukuran:terlalu besar
 Rancangan:amburadul
 ",14 Okt 2023
R***.,"kecewa berat sih,, pesen cargo datengnya kulot,,kecewa parah inimah ",4 minggu lalu
Lisna S.,lumayan harga segitu ,09 Nov 2023
Linda S.,bagus bahan dan warnany pas dcobain muat perutny tp ga muat dpahany..alamat kudu dpermak lg dtkng jahit ini mah..,14 Des 2023
amalia N.,"bagus tapi gampang sobek
 Bahan:agak tipis ",29 Des 2023
d***.,"Desain highwaist sedang trendi., Celana kargo yang stylish dan modis., Celana kargo yang trendi dan fungsional., Pas sempurna dengan desain high waist.,  ",07 Des 2023
8***4,"bgus 
TPI kain nya Merawang  ",22 Des 2023
A***.,"parah bgtt dikirim nya beda dri foto.
mana gedee bgtğŸ˜­ğŸ˜­ ",27 Okt 2023
0***6,"Bahanya tipis kainnya jatuh, sedikit panjang, Rancangannya bagus, cuman jahitanya sedikit kurang rapi,, tapi Lumayanlah dg harga sangat murah ",19 Des 2023
Octa A.,"Bahan:mym
 Ukuran:kbsrn
 Rancangan:b sja ",19 Des 2023
Oci,"Bahan:lumayan lah dengan harga yang segitu
 Ukuran:celana nya kegedean di aku

 ",24 Okt 2023
N***.,kebesaran ukuran tidak sesuai saya kecewa tidak real pic ,08 Des 2023
Priska A.,"Bagus untuk aktivitas di luar ruangan.,  ",17 Jan 2024
Gina D.,"Celana kargo serbaguna untuk berbagai acara., Pas sempurna dengan desain high waist.,  ",2 minggu lalu
0***5,"katany kancing hidup,, ",29 Des 2023
e***n,"ukurannya standar tapi di aku tetep kebesaran,kainnya juga ga sesuai ekspetasi aku dikiranya tebel ternyata tipis banget.mau kecewa tapi untuk harga segitu mau minta gimana ",24 Des 2023
R***.,"Tidak sesuai ekspektasi. Tapi gapapa, masih nyaman di pakai... ",03 Des 2023
8***2,"penipuan,,pngn barang CPT abis kirim nya asal,,,punya mata ga,,,kalian dengan gampang nya bilang retur ,,emang ga ribet klo retur,,,,pantes lama ngirim nya nyari barang yg warna nya sama ya,tp model ga sesuai,,,kecewa,,gq berkah usaha nya,,kluarin aja pihak lazada toko yg mentingin diri sendiri kaya gini,,ngapokin pelanggan...apapun niat ga baik,,ga bakal berkah...",18 Okt 2023
Nahaar R.,saya pesan 4 yg datang hanya 3 ,14 Des 2023
guest,bahan tipis barang tidak sesuai dengan di foto sangat kecewa tidak sesuai dengan harga segitu  ,04 Nov 2023
Nhur S.,tidak sesuai gambar  ,12 Okt 2023
g***t,"Celana kargo yang stylish dan modis., Mudah dipadukan dengan berbagai outfit.,  ",03 Jan 2024
Ajisyaputra,"Celana kargo yang stylish dan modis., Celana kargo yang trendi dan fungsional., Bahan yang tahan lama untuk penggunaan jangka panjang., Kain nyaman dan bernapas., Bagus untuk aktivitas di luar ruangan.,  ",05 Jan 2024
Jenny J.,kurng bagus untuk bagian slengkangan nya ketat bwh nya gombrong  ,06 Des 2023
A***.,celana yang diterima ngga sesuai sama gambar dan deskripsi ,22 Des 2023
Ariadi,mabasbshehebebenrnrnrnr ,21 Des 2023
*********928,ğŸ™ƒ kebesaran di aq,02 Jan 2024
Abiya,"Bahan:bahan nya tidak sesuai
 Ukuran:pas 
 Rancangan:mayan aja  ",04 Jan 2024
toni R.,"Rancangan:

warna brown nya terlalu cerah/pudar  ",25 Okt 2023
Ardellia A.,warna dan bahan tidk sesuai ,4 hari lalu
Lita L.,kecewa ,02 Des 2023
Chellsy L.,"apaaan katanya cargo, gw beli kulot biasa dislike! ",26 Sep 2023
g***t,"pesen waran putuh ko yang datang coklat gimna sihğŸ˜Œ
 Bahan:adem sih tipis lagih 
 Ukuran:muat 
 Rancangan:tipiss tapi g ppa lah harga nya juga pas sesuai mungkinğŸ™„ ",09 Okt 2023
088289366100 7.,"makasih,kira bahan katun ,eh malah ngaret ... gak sesuai d gambar kaya nya... ",2 hari lalu
Melani M.,cln nya sudah keterima kain nya enaken adem  ,17 Jan 2024
*********541,"payah gak ada sletingnya , padahal mau jadi langganan . dichatt jg gadirespon sama sekali .  ",13 Jan 2024
Mia,bener2 bedaa bgt sama gambar. di gambar celana cargo tp yg dtg celana kulot polos biasa. hadeh ,30 Des 2023
Angelia O.,bahannya tipis g sesuai ,1 hari lalu
"Mmh,salwa",mff baru komen kmrn waktu ngatrin paket kurir y jutek bgtt ,29 Nov 2023
Intan M.,bahan nya jatuh TPI saya pesen standar eh yg dtng jumbo gedeeee bgetttttttt ,11 Des 2023
S***.,sangat kecewa celananya gak sesuai gambar ,15 Des 2023
Iis I.,celan anya bagusss  sesuai sama yg di gambar saya sukaa ,30 Des 2023
Titian,ok ,01 Okt 2023
Intan M.,bahan nya jatuh TPI saya pesen standar eh yg dtng jumbo gedeeee bgetttttttt ,11 Des 2023
S***.,sangat kecewa celananya gak sesuai gambar ,15 Des 2023
Iis I.,celan anya bagusss  sesuai sama yg di gambar saya sukaa ,30 Des 2023
Titian,ok ,01 Okt 2023
Intan M.,bahan nya jatuh TPI saya pesen standar eh yg dtng jumbo gedeeee bgetttttttt ,11 Des 2023
S***.,sangat kecewa celananya gak sesuai gambar ,15 Des 2023
Iis I.,celan anya bagusss  sesuai sama yg di gambar saya sukaa ,30 Des 2023
Titian,ok ,01 Okt 2023
Intan M.,bahan nya jatuh TPI saya pesen standar eh yg dtng jumbo gedeeee bgetttttttt ,11 Des 2023
S***.,sangat kecewa celananya gak sesuai gambar ,15 Des 2023
Iis I.,celan anya bagusss  sesuai sama yg di gambar saya sukaa ,30 Des 2023
Titian,ok ,01 Okt 2023
Intan M.,bahan nya jatuh TPI saya pesen standar eh yg dtng jumbo gedeeee bgetttttttt ,11 Des 2023
S***.,sangat kecewa celananya gak sesuai gambar ,15 Des 2023
Iis I.,celan anya bagusss  sesuai sama yg di gambar saya sukaa ,30 Des 2023
Titian,ok ,01 Okt 2023
Intan M.,bahan nya jatuh TPI saya pesen standar eh yg dtng jumbo gedeeee bgetttttttt ,11 Des 2023
S***.,sangat kecewa celananya gak sesuai gambar ,15 Des 2023
Iis I.,celan anya bagusss  sesuai sama yg di gambar saya sukaa ,30 Des 2023
Titian,ok ,01 Okt 2023
Intan M.,bahan nya jatuh TPI saya pesen standar eh yg dtng jumbo gedeeee bgetttttttt ,11 Des 2023
S***.,sangat kecewa celananya gak sesuai gambar ,15 Des 2023
Iis I.,celan anya bagusss  sesuai sama yg di gambar saya sukaa ,30 Des 2023
Titian,ok ,01 Okt 2023
Intan M.,bahan nya jatuh TPI saya pesen standar eh yg dtng jumbo gedeeee bgetttttttt ,11 Des 2023
S***.,sangat kecewa celananya gak sesuai gambar ,15 Des 2023
Iis I.,celan anya bagusss  sesuai sama yg di gambar saya sukaa ,30 Des 2023
Titian,ok ,01 Okt 2023
Intan M.,bahan nya jatuh TPI saya pesen standar eh yg dtng jumbo gedeeee bgetttttttt ,11 Des 2023
S***.,sangat kecewa celananya gak sesuai gambar ,15 Des 2023
Iis I.,celan anya bagusss  sesuai sama yg di gambar saya sukaa ,30 Des 2023
Titian,ok ,01 Okt 2023
Intan M.,bahan nya jatuh TPI saya pesen standar eh yg dtng jumbo gedeeee bgetttttttt ,11 Des 2023
S***.,sangat kecewa celananya gak sesuai gambar ,15 Des 2023
Iis I.,celan anya bagusss  sesuai sama yg di gambar saya sukaa ,30 Des 2023
Titian,ok ,01 Okt 2023
Intan M.,bahan nya jatuh TPI saya pesen standar eh yg dtng jumbo gedeeee bgetttttttt ,11 Des 2023
S***.,sangat kecewa celananya gak sesuai gambar ,15 Des 2023
Iis I.,celan anya bagusss  sesuai sama yg di gambar saya sukaa ,30 Des 2023
Titian,ok ,01 Okt 2023
Intan M.,bahan nya jatuh TPI saya pesen standar eh yg dtng jumbo gedeeee bgetttttttt ,11 Des 2023
S***.,sangat kecewa celananya gak sesuai gambar ,15 Des 2023
Iis I.,celan anya bagusss  sesuai sama yg di gambar saya sukaa ,30 Des 2023
Titian,ok ,01 Okt 2023
Intan M.,bahan nya jatuh TPI saya pesen standar eh yg dtng jumbo gedeeee bgetttttttt ,11 Des 2023
S***.,sangat kecewa celananya gak sesuai gambar ,15 Des 2023
Iis I.,celan anya bagusss  sesuai sama yg di gambar saya sukaa ,30 Des 2023
Titian,ok ,01 Okt 2023
Intan M.,bahan nya jatuh TPI saya pesen standar eh yg dtng jumbo gedeeee bgetttttttt ,11 Des 2023
S***.,sangat kecewa celananya gak sesuai gambar ,15 Des 2023
Iis I.,celan anya bagusss  sesuai sama yg di gambar saya sukaa ,30 Des 2023
Titian,ok ,01 Okt 2023
Intan M.,bahan nya jatuh TPI saya pesen standar eh yg dtng jumbo gedeeee bgetttttttt ,11 Des 2023
S***.,sangat kecewa celananya gak sesuai gambar ,15 Des 2023
Iis I.,celan anya bagusss  sesuai sama yg di gambar saya sukaa ,30 Des 2023
Titian,ok ,01 Okt 2023
Intan M.,bahan nya jatuh TPI saya pesen standar eh yg dtng jumbo gedeeee bgetttttttt ,11 Des 2023
S***.,sangat kecewa celananya gak sesuai gambar ,15 Des 2023
Iis I.,celan anya bagusss  sesuai sama yg di gambar saya sukaa ,30 Des 2023
Titian,ok ,01 Okt 2023
Intan M.,bahan nya jatuh TPI saya pesen standar eh yg dtng jumbo gedeeee bgetttttttt ,11 Des 2023
S***.,sangat kecewa celananya gak sesuai gambar ,15 Des 2023
Iis I.,celan anya bagusss  sesuai sama yg di gambar saya sukaa ,30 Des 2023
Titian,ok ,01 Okt 2023
Intan M.,bahan nya jatuh TPI saya pesen standar eh yg dtng jumbo gedeeee bgetttttttt ,11 Des 2023
S***.,sangat kecewa celananya gak sesuai gambar ,15 Des 2023
Iis I.,celan anya bagusss  sesuai sama yg di gambar saya sukaa ,30 Des 2023
Titian,ok ,01 Okt 2023
Intan M.,bahan nya jatuh TPI saya pesen standar eh yg dtng jumbo gedeeee bgetttttttt ,11 Des 2023
S***.,sangat kecewa celananya gak sesuai gambar ,15 Des 2023
Iis I.,celan anya bagusss  sesuai sama yg di gambar saya sukaa ,30 Des 2023
Titian,ok ,01 Okt 2023
Intan M.,bahan nya jatuh TPI saya pesen standar eh yg dtng jumbo gedeeee bgetttttttt ,11 Des 2023
S***.,sangat kecewa celananya gak sesuai gambar ,15 Des 2023
Iis I.,celan anya bagusss  sesuai sama yg di gambar saya sukaa ,30 Des 2023
Titian,ok ,01 Okt 2023
Intan M.,bahan nya jatuh TPI saya pesen standar eh yg dtng jumbo gedeeee bgetttttttt ,11 Des 2023
S***.,sangat kecewa celananya gak sesuai gambar ,15 Des 2023
Iis I.,celan anya bagusss  sesuai sama yg di gambar saya sukaa ,30 Des 2023
Titian,ok ,01 Okt 2023
Intan M.,bahan nya jatuh TPI saya pesen standar eh yg dtng jumbo gedeeee bgetttttttt ,11 Des 2023
S***.,sangat kecewa celananya gak sesuai gambar ,15 Des 2023
Iis I.,celan anya bagusss  sesuai sama yg di gambar saya sukaa ,30 Des 2023
Titian,ok ,01 Okt 2023
Intan M.,bahan nya jatuh TPI saya pesen standar eh yg dtng jumbo gedeeee bgetttttttt ,11 Des 2023
S***.,sangat kecewa celananya gak sesuai gambar ,15 Des 2023
Iis I.,celan anya bagusss  sesuai sama yg di gambar saya sukaa ,30 Des 2023
Titian,ok ,01 Okt 2023
Intan M.,bahan nya jatuh TPI saya pesen standar eh yg dtng jumbo gedeeee bgetttttttt ,11 Des 2023
S***.,sangat kecewa celananya gak sesuai gambar ,15 Des 2023
Iis I.,celan anya bagusss  sesuai sama yg di gambar saya sukaa ,30 Des 2023
Titian,ok ,01 Okt 2023
Intan M.,bahan nya jatuh TPI saya pesen standar eh yg dtng jumbo gedeeee bgetttttttt ,11 Des 2023
S***.,sangat kecewa celananya gak sesuai gambar ,15 Des 2023
Iis I.,celan anya bagusss  sesuai sama yg di gambar saya sukaa ,30 Des 2023
Titian,ok ,01 Okt 2023
Intan M.,bahan nya jatuh TPI saya pesen standar eh yg dtng jumbo gedeeee bgetttttttt ,11 Des 2023
S***.,sangat kecewa celananya gak sesuai gambar ,15 Des 2023
Iis I.,celan anya bagusss  sesuai sama yg di gambar saya sukaa ,30 Des 2023
Titian,ok ,01 Okt 2023
Intan M.,bahan nya jatuh TPI saya pesen standar eh yg dtng jumbo gedeeee bgetttttttt ,11 Des 2023
S***.,sangat kecewa celananya gak sesuai gambar ,15 Des 2023
Iis I.,celan anya bagusss  sesuai sama yg di gambar saya sukaa ,30 Des 2023
Titian,ok ,01 Okt 2023
